<?xml version="1.0" encoding="UTF-8"?>
<beans xmlns="http://www.springframework.org/schema/beans"
	xmlns:xsi="http://www.w3.org/2001/XMLSchema-instance"
	xmlns:context="http://www.springframework.org/schema/context"
	xmlns:p="http://www.springframework.org/schema/p"
	xsi:schemaLocation="http://www.springframework.org/schema/beans
 	http://www.springframework.org/schema/beans/spring-beans.xsd 
    http://www.springframework.org/schema/context 
    http://www.springframework.org/schema/context/spring-context.xsd">

	<bean name="emp1" class="com.springcore.collections.Emp">
		<property name="name" value="Aman"/>
		<property name="phones">
			<list>
				<value>345678</value>
				<value>7890</value>
				<value>23456</value>
			</list>
		</property>
		<property name="addresses">
			<set>
				<value>Delhi</value>
				<value>Kanpur</value>
				<value>Gwalior</value>
			</set>			
		</property>
		<property name="courses">
			<map>
				<entry key="java" value="2months"/>
				<entry key="python" value="1.2months"/>
				<entry key="c" value="1month"/>
			</map>
		</property>
	</bean>
	
</beans>