<?xml version="1.0" encoding="UTF-8"?>
<beans xmlns="http://www.springframework.org/schema/beans"
	xmlns:xsi="http://www.w3.org/2001/XMLSchema-instance"
	xmlns:context="http://www.springframework.org/schema/context"
	xmlns:p="http://www.springframework.org/schema/p"
	xmlns:c="http://www.springframework.org/schema/c"
	xsi:schemaLocation="http://www.springframework.org/schema/beans
 	http://www.springframework.org/schema/beans/spring-beans.xsd 
    http://www.springframework.org/schema/context 
    http://www.springframework.org/schema/context/spring-context.xsd">

	<!-- <bean class="com.springcore.ci.Certi" name="cer" > <constructor-arg 
		value="Android using Flutter"/> </bean> -->

	<bean class="com.springcore.ci.Certi" name="cer"
		c:name="java spring" />
	<bean class="com.springcore.ci.Person" name="person"
		c:name="AmanKhan" c:personId="17" c:certi-ref="cer">
		<constructor-arg name="list">
			<list>
				<value>java</value>
				<value>python</value>
				<value>c</value>
			</list>
		</constructor-arg>
	</bean>
	<bean class="com.springcore.ci.Addition" name="add">
		<constructor-arg value="12"/>
		<constructor-arg value="34"/>
	</bean>

	<!-- <bean class="com.springcore.ci.Person" name="person"> <constructor-arg 
		value="Aman"/> <constructor-arg value="12" type="int"/> <constructor-arg 
		ref="cer" /> </bean> -->

</beans>